,File,Position,Reads,Reference,Alternative,A,T,G,C,Max_base,GISAIDloc
0,Cov-d186dl-290_S1_L001,3037,797,C,T,0.0,1.0,0.0,0.0,1.0,1
1,Cov-d186dl-290_S1_L001,6543,128,C,T,0.0,1.0,0.0,0.0,1.0,1
2,Cov-d186dl-290_S1_L001,23403,70,A,G,0.0,0.0,1.0,0.0,1.0,1
3,Cov-d186dl-290_S1_L001,23672,66,T,G,0.0,0.0,1.0,0.0,1.0,1
4,Cov-d186dl-290_S1_L001,24794,317,G,T,0.0,0.6561514195583596,0.3438485804416404,0.0,0.6561514195583596,1
